[
  {
    "id": "35907475-7d5d-4daf-9ddd-c72e68c98b84",
    "data": [
      {
        "text": "Man Fashion",
        "userDefined": false
      }
    ],
    "isTemplate": false,
    "count": 0,
    "lang": "en",
    "updated": 0
  },
  {
    "id": "5c23594f-f876-4f8d-93d4-a2438015beef",
    "data": [
      {
        "text": "Man",
        "userDefined": false
      }
    ],
    "isTemplate": false,
    "count": 0,
    "lang": "en",
    "updated": 0
  },
  {
    "id": "82ab9b53-b4c6-4e20-baad-ba3d491e247a",
    "data": [
      {
        "text": "Men",
        "userDefined": false
      }
    ],
    "isTemplate": false,
    "count": 0,
    "lang": "en",
    "updated": 0
  },
  {
    "id": "c1d11324-8301-45cd-8a0f-40fdf08ea29d",
    "data": [
      {
        "text": "Men Fashion",
        "userDefined": false
      }
    ],
    "isTemplate": false,
    "count": 0,
    "lang": "en",
    "updated": 0
  },
  {
    "id": "8654b1ae-d6cb-4156-9afd-71d0df073251",
    "data": [
      {
        "text": "Men\u0027s Fashion",
        "userDefined": false
      }
    ],
    "isTemplate": false,
    "count": 0,
    "lang": "en",
    "updated": 0
  }
]