[
  {
    "id": "4e24acf6-0e93-40f8-bc58-6df3209d2703",
    "data": [
      {
        "text": "fancy kurta",
        "userDefined": false
      }
    ],
    "isTemplate": false,
    "count": 0,
    "lang": "en",
    "updated": 0
  },
  {
    "id": "03a21795-543e-4897-8f98-2d223f314bcd",
    "data": [
      {
        "text": "shalwar",
        "userDefined": false
      }
    ],
    "isTemplate": false,
    "count": 0,
    "lang": "en",
    "updated": 0
  },
  {
    "id": "787202ad-8337-44c4-a605-676fa7e0cfbc",
    "data": [
      {
        "text": "Kurta",
        "userDefined": false
      }
    ],
    "isTemplate": false,
    "count": 0,
    "lang": "en",
    "updated": 0
  },
  {
    "id": "8a6bc919-4457-45ea-96db-d69d3dea04e9",
    "data": [
      {
        "text": "Kurta Shalwaar",
        "userDefined": false
      }
    ],
    "isTemplate": false,
    "count": 0,
    "lang": "en",
    "updated": 0
  }
]