[
  {
    "id": "96f935b4-edd6-474a-9799-c7bc0770d2ab",
    "data": [
      {
        "text": "shirtss",
        "userDefined": false
      }
    ],
    "isTemplate": false,
    "count": 0,
    "lang": "en",
    "updated": 0
  },
  {
    "id": "ad570534-7619-4d8d-9c15-a185fda8dd98",
    "data": [
      {
        "text": "shits",
        "userDefined": false
      }
    ],
    "isTemplate": false,
    "count": 0,
    "lang": "en",
    "updated": 0
  },
  {
    "id": "0056bcf7-2442-4222-8d36-269b81a9f92a",
    "data": [
      {
        "text": "shit",
        "userDefined": false
      }
    ],
    "isTemplate": false,
    "count": 0,
    "lang": "en",
    "updated": 0
  },
  {
    "id": "2eba7f75-ba80-4755-86eb-3e490877c9a4",
    "data": [
      {
        "text": "shirt",
        "userDefined": false
      }
    ],
    "isTemplate": false,
    "count": 0,
    "lang": "en",
    "updated": 0
  },
  {
    "id": "35e51167-cbb2-4fdc-9b35-7cd388270403",
    "data": [
      {
        "text": "Shirts",
        "userDefined": false
      }
    ],
    "isTemplate": false,
    "count": 0,
    "lang": "en",
    "updated": 0
  }
]