[
  {
    "id": "46115b33-ac8b-46b9-b81b-a8e7800591ef",
    "data": [
      {
        "text": "women jeans",
        "userDefined": false
      }
    ],
    "isTemplate": false,
    "count": 0,
    "lang": "en",
    "updated": 0
  },
  {
    "id": "b203da97-6dbb-4ee9-970b-ef550aea2495",
    "data": [
      {
        "text": "Jeans",
        "userDefined": false
      }
    ],
    "isTemplate": false,
    "count": 0,
    "lang": "en",
    "updated": 0
  },
  {
    "id": "66137f54-66ef-4d05-87b3-d6c6fe63b976",
    "data": [
      {
        "text": "Women-Jeans",
        "userDefined": false
      }
    ],
    "isTemplate": false,
    "count": 0,
    "lang": "en",
    "updated": 0
  }
]