[
  {
    "id": "995c1655-de58-4b27-81df-74e674133fea",
    "data": [
      {
        "text": "Bags",
        "userDefined": false
      }
    ],
    "isTemplate": false,
    "count": 0,
    "lang": "en",
    "updated": 0
  },
  {
    "id": "e100dcb2-6d0e-4e28-846a-6a48c619ecd5",
    "data": [
      {
        "text": "bag",
        "userDefined": false
      }
    ],
    "isTemplate": false,
    "count": 0,
    "lang": "en",
    "updated": 0
  },
  {
    "id": "e6002421-0f29-438a-8e11-8543a17ab2dd",
    "data": [
      {
        "text": "women bags",
        "userDefined": false
      }
    ],
    "isTemplate": false,
    "count": 0,
    "lang": "en",
    "updated": 0
  },
  {
    "id": "c0334592-5545-44e9-b716-c2e26baeea7c",
    "data": [
      {
        "text": "women bag",
        "userDefined": false
      }
    ],
    "isTemplate": false,
    "count": 1,
    "lang": "en",
    "updated": 0
  },
  {
    "id": "6c8e8199-9dc6-4f72-bd8c-a48793000148",
    "data": [
      {
        "text": "Women-Bags",
        "userDefined": false
      }
    ],
    "isTemplate": false,
    "count": 0,
    "lang": "en",
    "updated": 0
  }
]